-- 이미 값이 들어 있는 경우, insert 문을 수행하지 않도록 하였습니다. `ON CONFLICT (id) DO NOTHING;`
-- application.yml에서 sql.init.mode를 never로 변경하면, data.sql 문이 실행되지 않습니다.

-- 전국 지역 매핑테이블 생성
INSERT INTO road_korea_city (id, city_name, region_name, complaint_region) VALUES
(1, '서울특별시', '서울', '서울'),
(2, '부산광역시', '부산', '부산'),
(3, '대구광역시', '대구', '대구'),
(4, '인천광역시', '인천', '인천'),
(5, '광주광역시', '광주', '익산'),
(6, '대전광역시', '대전', '대전'),
(7, '울산광역시', '울산', '울산'),
(8, '세종특별자치시', '세종', '세종'),
(9, '경기도', '수원', '서울'),
(10, '경기도', '성남', '서울'),
(11, '경기도', '고양', '서울'),
(12, '경기도', '용인', '서울'),
(13, '경기도', '부천', '서울'),
(14, '경기도', '안산', '서울'),
(15, '경기도', '안양', '서울'),
(16, '경기도', '남양주', '서울'),
(17, '경기도', '화성', '서울'),
(18, '경기도', '평택', '서울'),
(19, '경기도', '의정부', '서울'),
(20, '경기도', '시흥', '서울'),
(21, '경기도', '파주', '서울'),
(22, '경기도', '광명', '서울'),
(23, '경기도', '김포', '서울'),
(24, '경기도', '군포', '서울'),
(25, '경기도', '광주', '서울'),
(26, '경기도', '이천', '서울'),
(27, '경기도', '양주', '서울'),
(28, '경기도', '오산', '서울'),
(29, '경기도', '구리', '서울'),
(30, '경기도', '안성', '서울'),
(31, '경기도', '포천', '서울'),
(32, '경기도', '의왕', '서울'),
(33, '경기도', '하남', '서울'),
(34, '경기도', '여주', '서울'),
(35, '경기도', '양평', '서울'),
(36, '경기도', '동두천', '서울'),
(37, '경기도', '과천', '서울'),
(38, '강원도', '춘천', '원주'),
(39, '강원도', '원주', '원주'),
(40, '강원도', '강릉', '원주'),
(41, '강원도', '동해', '원주'),
(42, '강원도', '태백', '원주'),
(43, '강원도', '속초', '원주'),
(44, '강원도', '삼척', '원주'),
(45, '강원도', '홍천', '원주'),
(46, '강원도', '횡성', '원주'),
(47, '강원도', '영월', '원주'),
(48, '강원도', '평창', '원주'),
(49, '강원도', '정선', '원주'),
(50, '강원도', '철원', '원주'),
(51, '강원도', '화천', '원주'),
(52, '강원도', '양구', '원주'),
(53, '강원도', '인제', '원주'),
(54, '강원도', '고성', '원주'),
(55, '강원도', '양양', '원주'),
(56, '충청북도', '청주', '대전'),
(57, '충청북도', '충주', '대전'),
(58, '충청북도', '제천', '대전'),
(59, '충청북도', '보은', '대전'),
(60, '충청북도', '옥천', '대전'),
(61, '충청북도', '영동', '대전'),
(62, '충청북도', '진천', '대전'),
(63, '충청북도', '괴산', '대전'),
(64, '충청북도', '음성', '대전'),
(65, '충청북도', '단양', '대전'),
(66, '충청남도', '천안', '대전'),
(67, '충청남도', '공주', '대전'),
(68, '충청남도', '보령', '대전'),
(69, '충청남도', '아산', '대전'),
(70, '충청남도', '서산', '대전'),
(71, '충청남도', '논산', '대전'),
(72, '충청남도', '계룡', '대전'),
(73, '충청남도', '당진', '대전'),
(74, '충청남도', '금산', '대전'),
(75, '충청남도', '부여', '대전'),
(76, '충청남도', '서천', '대전'),
(77, '충청남도', '청양', '대전'),
(78, '충청남도', '홍성', '대전'),
(79, '충청남도', '예산', '대전'),
(80, '충청남도', '태안', '대전'),
(81, '전북특별자치도', '전주', '익산'),
(82, '전북특별자치도', '군산', '익산'),
(83, '전북특별자치도', '익산', '익산'),
(84, '전북특별자치도', '정읍', '익산'),
(85, '전북특별자치도', '남원', '익산'),
(86, '전북특별자치도', '김제', '익산'),
(87, '전북특별자치도', '완주', '익산'),
(88, '전북특별자치도', '진안', '익산'),
(89, '전북특별자치도', '무주', '익산'),
(90, '전북특별자치도', '장수', '익산'),
(91, '전북특별자치도', '임실', '익산'),
(92, '전북특별자치도', '순창', '익산'),
(93, '전북특별자치도', '고창', '익산'),
(94, '전북특별자치도', '부안', '익산'),
(95, '전라남도', '목포', '익산'),
(96, '전라남도', '여수', '익산'),
(97, '전라남도', '순천', '익산'),
(98, '전라남도', '나주', '익산'),
(99, '전라남도', '광양', '익산'),
(100, '전라남도', '담양', '익산'),
(101, '전라남도', '곡성', '익산'),
(102, '전라남도', '구례', '익산'),
(103, '전라남도', '고흥', '익산'),
(104, '전라남도', '보성', '익산'),
(105, '전라남도', '화순', '익산'),
(106, '전라남도', '장흥', '익산'),
(107, '전라남도', '강진', '익산'),
(108, '전라남도', '해남', '익산'),
(109, '전라남도', '영안', '익산'),
(110, '전라남도', '무안', '익산'),
(111, '전라남도', '함평', '익산'),
(112, '전라남도', '영광', '익산'),
(113, '전라남도', '장성', '익산'),
(114, '전라남도', '완도', '익산'),
(115, '전라남도', '진도', '익산'),
(116, '전라남도', '신안', '익산'),
(117, '경상북도', '포항', '부산'),
(118, '경상북도', '경주', '부산'),
(119, '경상북도', '김천', '부산'),
(120, '경상북도', '안동', '부산'),
(121, '경상북도', '구미', '부산'),
(122, '경상북도', '영주', '부산'),
(123, '경상북도', '영천', '부산'),
(124, '경상북도', '상주', '부산'),
(125, '경상북도', '문경', '부산'),
(126, '경상북도', '경산', '부산'),
(127, '경상북도', '군위', '부산'),
(128, '경상북도', '의성', '부산'),
(129, '경상북도', '청송', '부산'),
(130, '경상북도', '영양', '부산'),
(131, '경상북도', '영덕', '부산'),
(132, '경상북도', '청도', '부산'),
(133, '경상북도', '고령', '부산'),
(134, '경상북도', '성주', '부산'),
(135, '경상북도', '칠곡', '부산'),
(136, '경상북도', '예천', '부산'),
(137, '경상북도', '봉화', '부산'),
(138, '경상북도', '울진', '부산'),
(139, '경상북도', '울릉', '부산'),
(140, '경상남도', '창원', '부산'),
(141, '경상남도', '진주', '부산'),
(142, '경상남도', '통영', '부산'),
(143, '경상남도', '사천', '부산'),
(144, '경상남도', '김해', '부산'),
(145, '경상남도', '밀양', '부산'),
(146, '경상남도', '거제', '부산'),
(147, '경상남도', '양산', '부산'),
(148, '경상남도', '의령', '부산'),
(149, '경상남도', '함안', '부산'),
(150, '경상남도', '창녕', '부산'),
(151, '경상남도', '고성', '부산'),
(152, '경상남도', '남해', '부산'),
(153, '경상남도', '하동', '부산'),
(154, '경상남도', '산청', '부산'),
(155, '경상남도', '함양', '부산'),
(156, '경상남도', '거창', '부산'),
(157, '경상남도', '합천', '부산'),
(158, '제주특별자치도', '제주', '제주'),
(159, '제주특별자치도', '서귀포', '제주')
ON CONFLICT (id) DO NOTHING;





-- 민원기관 road 정보부터 저장
INSERT INTO road (id, point, created_at, updated_at, address) VALUES
(160, ST_GeomFromText('POINT(126.9833525 37.42659905)', 4326), NOW(), NOW(), '경기도 과천시 관문로 47 (중앙동) 정부과천청사 2동 3층'),
(161, ST_GeomFromText('POINT(127.1068246 37.29122216)', 4326), NOW(), NOW(), '경기도 용인시 기흥구 용구대로 2291-12번지(신갈동 267-1번지)'),
(162, ST_GeomFromText('POINT(127.088262 37.7286255)', 4326), NOW(), NOW(), '경기도 의정부시 송산로 1153(용현동 77-5)'),
(163, ST_GeomFromText('POINT(127.088177 37.72864353)', 4326), NOW(), NOW(), '강원도 원주시 북원로 2236 합동청사'),
(164, ST_GeomFromText('POINT(127.9073846 37.70976472)', 4326), NOW(), NOW(), '강원도 홍천군 홍천읍 태학여내길 32'),
(165, ST_GeomFromText('POINT(128.8249179 37.71697558)', 4326), NOW(), NOW(), '강원특별자치도 강릉시 성산면 경강로 1247'),
(166, ST_GeomFromText('POINT(128.6839974 37.36921396)', 4326), NOW(), NOW(), '강원특별자치도 정선군 정선읍 와평1길 6'),
(167, ST_GeomFromText('POINT(127.4317568 36.35182496)', 4326), NOW(), NOW(), '대전광역시 동구 계족로 447 (용전동 173-1)'),
(168, ST_GeomFromText('POINT(127.1010899 36.17899689)', 4326), NOW(), NOW(), '충청남도 논산시 시민로 121 논산국도유지건설사업소'),
(169, ST_GeomFromText('POINT(127.9298599 37.04392891)', 4326), NOW(), NOW(), '충청북도 충주시 동량면 충원대로 1332'),
(170, ST_GeomFromText('POINT(127.7093195 36.48157202)', 4326), NOW(), NOW(), '충청북도 보은군 장신로 54 보은국도유지건설사무소'),
(171, ST_GeomFromText('POINT(126.7978839 36.68883915)', 4326), NOW(), NOW(), '충청남도 예산군 오가면 오가중앙로 69'),
(172, ST_GeomFromText('POINT(126.9550508 35.95187991)', 4326), NOW(), NOW(), '전북특별자치도 익산시 익산대로52길 27 (남중동)'),
(173, ST_GeomFromText('POINT(126.850038 35.21861141)', 4326), NOW(), NOW(), '광주광역시 광산구 임방울대로825번길 22-16 (쌍암동)'),
(174, ST_GeomFromText('POINT(127.0370356 35.82203942)', 4326), NOW(), NOW(), '전북특별자치도 완주군 이서면 이서남로 328'),
(175, ST_GeomFromText('POINT(127.4115502 35.42387482)', 4326), NOW(), NOW(), '전북특별자치도 남원시 이백로 13'),
(176, ST_GeomFromText('POINT(127.4915821 34.93138444)', 4326), NOW(), NOW(), '전라남도 순천시 지현길 92 (덕월동)'),
(177, ST_GeomFromText('POINT(129.0382914 35.11799467)', 4326), NOW(), NOW(), '부산광역시 동구 초량중로 67 (초량동)'),
(178, ST_GeomFromText('POINT(128.5474687 35.91793035)', 4326), NOW(), NOW(), '대구광역시 북구 학정로1길 54 (태전동)'),
(179, ST_GeomFromText('POINT(128.0389092 35.16423315)', 4326), NOW(), NOW(), '경상남도 진주시 평거동 695-90'),
(180, ST_GeomFromText('POINT(128.5887489 36.80076067)', 4326), NOW(), NOW(), '경상북도 영주시 장수면 장수로342번길 75'),
(181, ST_GeomFromText('POINT(129.333665 36.12111944)', 4326), NOW(), NOW(), '경상북도 포항시 북구 흥해읍 용전길 141'),
(182, ST_GeomFromText('POINT(129.333665 36.12111944)', 4326), NOW(), NOW(), '경상남도 김해시 진영읍 하계로 70'),
(183, ST_GeomFromText('POINT(127.2632412 36.50524293)', 4326), NOW(), NOW(), '세종특별자치시 도움6로 11 (어진동)'),
(184, ST_GeomFromText('POINT(129.3324378 35.56931559)', 4326), NOW(), NOW(), '울산광역시 중구 단장골길 1 (복산동)'),
(185, ST_GeomFromText('POINT(127.2475623 36.51191575)', 4326), NOW(), NOW(), '세종특별자치시 보듬3로 114 (아름동)'),
(186, ST_GeomFromText('POINT(127.2632412 36.50524293)', 4326), NOW(), NOW(), '세종특별자치시 도움6로 11 (어진동)')
ON CONFLICT (id) DO NOTHING;






-- 민원기관 road_report_center에 저장

INSERT INTO road_report_center (id, center_name, center_contact, road_id, city_id) VALUES
(1, '서울지방국토관리청', '02-2110-0691', 160, 1),
(2, '수원국토관리사무소', '031-283-0648', 161, 1),
(3, '의정부국토관리사무소', '031-847-7680', 162, 1),
(4, '원주지방국토관리청', '033-746-6785', 163, 39),
(5, '홍천국토관리사무소', '033-435-5982', 164, 39),
(6, '강릉국토관리사무소', '033-650-8833', 165, 39),
(7, '정선국토관리사무소', '033-563-0757', 166, 39),
(8, '대전지방국토관리청', '042-670-3485', 167, 6),
(9, '논산국토관리사무소', '041-730-5800', 168, 6),
(10, '충주국토관리사무소', '043-850-2530', 169, 6),
(11, '보은국토관리사무소', '043-540-2300', 170, 6),
(12, '예산국토관리사무소', '041-330-6610', 171, 6),
(13, '익산지방국토관리청', '063-850-9254', 172, 83),
(14, '광주국토관리사무소', '062-970-6306', 173, 83),
(15, '전주국토관리사무소', '063-220-0402', 174, 83),
(16, '남원국토관리사무소', '063-620-2900', 175, 83),
(17, '순천국토관리사무소', '061-744-5375', 176, 83),
(18, '부산지방국토관리청', '051-660-1234', 177, 2),
(19, '대구국토관리사무소', '053-605-6092', 178, 2),
(20, '진주국토관리사무소', '055-740-2690', 179, 2),
(21, '영주국토관리사무소', '054-630-0055', 180, 2),
(22, '포항국토관리사무소', '054-261-7566', 181, 2),
(23, '김해국토관리사무소', '055-343-2475', 182, 2),
(24, '(인천)도로이용불편신고', '080-0482-000', 183, 4),
(25, '울산광역시 도로관리팀', '052-229-5870', 184, 7),
(26, '세종민원콜센터', '044-120', 185, 8),
(27, '(제주)도로이용불편신고', '080-0482-000', 186, 158)
ON CONFLICT (id) DO NOTHING;


-- 장애인콜택시 road 정보 저장

INSERT INTO road (id, point, created_at, updated_at, address) VALUES
(187, ST_GeomFromText('POINT(128.9298548 37.76923243)', 4326), NOW(), NOW(),  '강원특별자치도 강릉시 강변로 636-5 (두산동)'),
(188, ST_GeomFromText('POINT(128.8846696 37.758547)', 4326), NOW(), NOW(),  '강원특별자치도 강릉시 원대로26번길 31 (교동)'),
(189, ST_GeomFromText('POINT(128.473318 38.379922)', 4326), NOW(), NOW(),  '강원특별자치도 고성군 간성읍 간성로30번길 6-1'),
(190, ST_GeomFromText('POINT(128.4988401 38.37818193)', 4326), NOW(), NOW(),  '강원특별자치도 고성군 죽왕면 동해대로 6520'),
(191, ST_GeomFromText('POINT(129.1266705 37.49705665)', 4326), NOW(), NOW(),  '강원특별자치도 동해시 송정로 34 (송정동)'),
(192, ST_GeomFromText('POINT(128.5894938 38.20150519)', 4326), NOW(), NOW(),  '강원특별자치도 속초시 청초호반로 296'),
(193, ST_GeomFromText('POINT(127.9864049 38.10874852)', 4326), NOW(), NOW(),  '강원특별자치도 양구군 양구읍 비봉로73번길 12'),
(194, ST_GeomFromText('POINT(128.6274852 38.07784423)', 4326), NOW(), NOW(),  '강원특별자치도 양양군 양양읍 양양로 9-5'),
(195, ST_GeomFromText('POINT(128.467917 37.185347)', 4326), NOW(), NOW(),  '강원특별자치도 영월군 영월읍 단종로 21'),
(196, ST_GeomFromText('POINT(128.673439 37.38230943)', 4326), NOW(), NOW(),  '강원특별자치도 정선군 정선읍 녹송2길 50'),
(197, ST_GeomFromText('POINT(127.2201917 38.20394617)', 4326), NOW(), NOW(),  '강원특별자치도 철원군 동송읍 금학로 169-5'),
(198, ST_GeomFromText('POINT(127.748277 37.914628)', 4326), NOW(), NOW(),  '강원특별자치도 춘천시 동면 소양강로 304-11'),
(199, ST_GeomFromText('POINT(127.7279078 37.88007292)', 4326), NOW(), NOW(),  '강원특별자치도 춘천시 중앙로 1 (봉의동)'),
(200, ST_GeomFromText('POINT(128.5711924 37.65292724)', 4326), NOW(), NOW(),  '강원특별자치도 평창군 진부면 진벌1길 144-19'),
(201, ST_GeomFromText('POINT(127.8920355 37.69233941)', 4326), NOW(), NOW(),  '강원특별자치도 홍천군 홍천읍 너브내길 127'),
(202, ST_GeomFromText('POINT(127.5078619 37.8263149)', 4326), NOW(), NOW(),  '경기도 가평군 가평읍 문화로 153'),
(203, ST_GeomFromText('POINT(126.7953758 37.64247907)', 4326), NOW(), NOW(),  '경기도 고양시 일산동구 강송로 14'),
(204, ST_GeomFromText('POINT(126.9891524 37.42819272)', 4326), NOW(), NOW(),  '경기도 과천시 통영로 5 (중앙동)'),
(205, ST_GeomFromText('POINT(126.8723345 37.45727525)', 4326), NOW(), NOW(),  '경기도 광명시 범안로 966 (하안동)'),
(206, ST_GeomFromText('POINT(127.258336 37.39521222)', 4326), NOW(), NOW(),  '경기도 광주시 청석로 73 (양벌동)'),
(207, ST_GeomFromText('POINT(127.1409183 37.61313887)', 4326), NOW(), NOW(),  '경기도 구리시 동구릉로136번길 57 (인창동)'),
(208, ST_GeomFromText('POINT(126.9503025 37.34847646)', 4326), NOW(), NOW(),  '경기도 군포시 공단로 30 (당정동)'),
(209, ST_GeomFromText('POINT(126.6835109 37.65330173)', 4326), NOW(), NOW(),  '경기도 김포시 김포한강1로 236 (운양동)'),
(210, ST_GeomFromText('POINT(127.1792621 37.65539978)', 4326), NOW(), NOW(),  '경기도 남양주시 진건읍 진건오남로 50'),
(211, ST_GeomFromText('POINT(127.0704968 37.90083896)', 4326), NOW(), NOW(),  '경기도 동두천시 어등로 45 (생연동)'),
(212, ST_GeomFromText('POINT(126.7639108 37.51275697)', 4326), NOW(), NOW(),  '경기도 부천시 원미구 석천로 293 (중동)'),
(213, ST_GeomFromText('POINT(127.1412502 37.46464898)', 4326), NOW(), NOW(),  '경기도 성남시 수정구 위례광장로 9-9 (창곡동)'),
(214, ST_GeomFromText('POINT(127.018347 37.23777723)', 4326), NOW(), NOW(),  '경기도 수원시 권선구 정조로 310'),
(215, ST_GeomFromText('POINT(126.8072583 37.36430392)', 4326), NOW(), NOW(),  '경기도 시흥시 시흥대로268번길 8 (능곡동)'),
(216, ST_GeomFromText('POINT(126.8164939 37.31947602)', 4326), NOW(), NOW(),  '경기도 안산시 단원구 화랑로 260'),
(217, ST_GeomFromText('POINT(126.9487366 37.40629131)', 4326), NOW(), NOW(),  '경기도 안양시 동안구 평촌대로 389'),
(218, ST_GeomFromText('POINT(126.9723084 37.81249951)', 4326), NOW(), NOW(),  '경기도 양주시 광적면 부흥로618번길 303'),
(219, ST_GeomFromText('POINT(127.4871469 37.49776189)', 4326), NOW(), NOW(),  '경기도 양평군 양평읍 마유산로 9'),
(220, ST_GeomFromText('POINT(127.6399084 37.29477832)', 4326), NOW(), NOW(),  '경기도 여주시 여흥로160번길 20 (상동)'),
(221, ST_GeomFromText('POINT(127.0661008 38.02902948)', 4326), NOW(), NOW(),  '경기도 연천군 전곡읍 전곡로 193'),
(222, ST_GeomFromText('POINT(127.0726163 37.156843)', 4326), NOW(), NOW(),  '경기도 오산시 경기동로 15 (오산동)'),
(223, ST_GeomFromText('POINT(127.165158 37.24963097)', 4326), NOW(), NOW(),  '경기도 용인시 처인구 동백죽전대로 61 (삼가동)'),
(224, ST_GeomFromText('POINT(126.959074 37.30274385)', 4326), NOW(), NOW(),  '경기도 의왕시 왕소나무길 29-15'),
(225, ST_GeomFromText('POINT(127.0316068 37.75793498)', 4326), NOW(), NOW(),  '경기도 의정부시 체육로 90'),
(226, ST_GeomFromText('POINT(127.4407936 37.27651279)', 4326), NOW(), NOW(),  '경기도 이천시 서희로 11'),
(227, ST_GeomFromText('POINT(126.7901986 37.7961277)', 4326), NOW(), NOW(),  '경기도 파주시 월롱면 휴암로11'),
(228, ST_GeomFromText('POINT(127.1006932 37.03860479)', 4326), NOW(), NOW(),  '경기도 평택시 도일유통길 25 평택도시공사 3층'),
(229, ST_GeomFromText('POINT(127.211078 37.89623177)', 4326), NOW(), NOW(),  '경기도 포천시 군내면 청성로 112'),
(230, ST_GeomFromText('POINT(127.230067 37.538986)', 4326), NOW(), NOW(),  '경기도 하남시 창우로 146'),
(231, ST_GeomFromText('POINT(126.9242565 37.13752921)', 4326), NOW(), NOW(),  '경기도 화성시 향남읍 향남로 470'),
(232, ST_GeomFromText('POINT(127.9095332 35.68667584)', 4326), NOW(), NOW(),  '경상남도 거창군 거창읍 중앙로 103'),
(233, ST_GeomFromText('POINT(128.900987 35.22752268)', 4326), NOW(), NOW(),  '경상남도 김해시 김해대로 2515 (삼정동)'),
(234, ST_GeomFromText('POINT(127.9088757 34.84954976)', 4326), NOW(), NOW(),  '경상남도 남해군 남해읍 선소로75번길 87-22'),
(235, ST_GeomFromText('POINT(128.7540292 35.47395045)', 4326), NOW(), NOW(),  '경상남도 밀양시 부북면 밀양대로 1651'),
(236, ST_GeomFromText('POINT(128.1000627 35.08619443)', 4326), NOW(), NOW(),  '경상남도 사천시 사천읍 사천향교로 23-10'),
(237, ST_GeomFromText('POINT(128.0820506 34.93131695)', 4326), NOW(), NOW(),  '경상남도 사천시 새시장길 73'),
(238, ST_GeomFromText('POINT(127.886574 35.413607)', 4326), NOW(), NOW(),  '경상남도 산청군 산청읍 웅석봉로133번길 178'),
(239, ST_GeomFromText('POINT(129.0350935 35.35051203)', 4326), NOW(), NOW(),  '경상남도 양산시 양산대로 895'),
(240, ST_GeomFromText('POINT(128.255951 35.315489)', 4326), NOW(), NOW(),  '경상남도 의령군 의령읍 의병로8길 44'),
(241, ST_GeomFromText('POINT(128.0651561 35.1642235)', 4326), NOW(), NOW(),  '경상남도 진주시 내동면 순환로 425-34'),
(242, ST_GeomFromText('POINT(128.1119228 35.18727147)', 4326), NOW(), NOW(),  '경상남도 진주시 선학산길 73'),
(243, ST_GeomFromText('POINT(128.664735 35.234007)', 4326), NOW(), NOW(),  '경상남도 창원시 성산구 원이대로 450'),
(244, ST_GeomFromText('POINT(128.6475949 35.2396723)', 4326), NOW(), NOW(),  '경상남도 창원시 의창구 우곡로 209'),
(245, ST_GeomFromText('POINT(128.4293738 34.84996554)', 4326), NOW(), NOW(),  '경상남도 통영시 북문2길 43-16'),
(246, ST_GeomFromText('POINT(127.7414395 35.07189929)', 4326), NOW(), NOW(),  '경상남도 하동군 하동읍 섬진강대로 2214'),
(247, ST_GeomFromText('POINT(128.4105797 35.27505859)', 4326), NOW(), NOW(),  '경상남도 함안군 가야읍 중앙남길 70'),
(248, ST_GeomFromText('POINT(128.1569121 35.56841416)', 4326), NOW(), NOW(),  '경상남도 합천군 합천읍 남정길 79'),
(249, ST_GeomFromText('POINT(128.7682761 35.81721215)', 4326), NOW(), NOW(),  '경상북도 경산시 화랑로 13'),
(250, ST_GeomFromText('POINT(129.201709 35.84440914)', 4326), NOW(), NOW(),  '경상북도 경주시 화랑로 10(성건동)'),
(251, ST_GeomFromText('POINT(128.2618577 35.72447198)', 4326), NOW(), NOW(),  '경상북도 고령군 대가야읍 왕릉로 55'),
(252, ST_GeomFromText('POINT(128.332153 36.1237503)', 4326), NOW(), NOW(),  '경상북도 구미시 산책길 33-4'),
(253, ST_GeomFromText('POINT(128.137665 36.13177813)', 4326), NOW(), NOW(),  '경상북도 김천시 환경로 105'),
(254, ST_GeomFromText('POINT(128.1940527 36.5871278)', 4326), NOW(), NOW(),  '경상북도 문경시 남부4길 13'),
(255, ST_GeomFromText('POINT(128.737331 36.89365762)', 4326), NOW(), NOW(),  '경상북도 봉화군 봉화읍 내성천2길 93'),
(256, ST_GeomFromText('POINT(128.1513513 36.39972419)', 4326), NOW(), NOW(),  '경상북도 상주시 경상대로 2824-33'),
(257, ST_GeomFromText('POINT(128.7244226 36.54746267)', 4326), NOW(), NOW(),  '경상북도 안동시 운동장길 53 2층'),
(258, ST_GeomFromText('POINT(129.367247 36.410485)', 4326), NOW(), NOW(),  '경상북도 영덕군 영덕읍 남석2길 5'),
(259, ST_GeomFromText('POINT(129.1186857 36.66192436)', 4326), NOW(), NOW(),  '경상북도 영양군 영양읍 동서대로 90'),
(260, ST_GeomFromText('POINT(128.6235929 36.8270932)', 4326), NOW(), NOW(),  '경상북도 영주시 광복로46번길 15 1층'),
(261, ST_GeomFromText('POINT(128.932791 35.957177)', 4326), NOW(), NOW(),  '경상북도 영천시 천문로 210-7'),
(262, ST_GeomFromText('POINT(128.441283 36.649653)', 4326), NOW(), NOW(),  '경상북도 예천군 예천읍 대심1길 22'),
(263, ST_GeomFromText('POINT(130.8971107 37.49693638)', 4326), NOW(), NOW(),  '경상북도 울릉군 울릉읍 봉래길 250'),
(264, ST_GeomFromText('POINT(129.405693 36.99137861)', 4326), NOW(), NOW(),  '경상북도 울진군 울진읍 공세항길 19-60'),
(265, ST_GeomFromText('POINT(128.6801537 36.3594974)', 4326), NOW(), NOW(),  '경상북도 의성군 의성읍 잔보들길 130'),
(266, ST_GeomFromText('POINT(128.7591874 35.6284073)', 4326), NOW(), NOW(),  '경상북도 청도군 청도읍 월곡2길 15'),
(267, ST_GeomFromText('POINT(129.0545796 36.43074841)', 4326), NOW(), NOW(),  '경상북도 청송군 청송읍 의료원길 34'),
(268, ST_GeomFromText('POINT(128.4082377 36.00666888)', 4326), NOW(), NOW(),  '경상북도 칠곡군 왜관읍 석전로7길 58'),
(269, ST_GeomFromText('POINT(129.363876 36.008952)', 4326), NOW(), NOW(),  '경상북도 포항시 남구 희망대로 810'),
(270, ST_GeomFromText('POINT(126.8926489 35.21828687)', 4326), NOW(), NOW(),  '광주광역시 북구 모룡대길 68 (일곡동)'),
(271, ST_GeomFromText('POINT(128.528337 35.83004237)', 4326), NOW(), NOW(),  '대구광역시 달서구 월성로 77'),
(272, ST_GeomFromText('POINT(127.4280138 36.317337)', 4326), NOW(), NOW(),  '대전광역시 중구 대종로373'),
(273, ST_GeomFromText('POINT(129.0800058 35.19784977)', 4326), NOW(), NOW(),  '부산광역시 연제구 중앙대로1226번길 18'),
(274, ST_GeomFromText('POINT(127.106927 37.48698084)', 4326), NOW(), NOW(),  '서울특별시 강남구 광평로60길 22'),
(275, ST_GeomFromText('POINT(126.953204 37.503753)', 4326), NOW(), NOW(),  '서울특별시 동작구 상도로 216 (상도동)'),
(276, ST_GeomFromText('POINT(127.2841211 36.5941099)', 4326), NOW(), NOW(),  '세종특별자치시  연서면 아홉거리길 100'),
(277, ST_GeomFromText('POINT(126.6864606 37.4365452)', 4326), NOW(), NOW(),  '인천광역시 미추홀구 매소홀로 618'),
(278, ST_GeomFromText('POINT(126.7741157 34.64034375)', 4326), NOW(), NOW(),  '전라남도 강진군 강진읍 시장길 17-14'),
(279, ST_GeomFromText('POINT(127.2879524 34.61379357)', 4326), NOW(), NOW(),  '전라남도 고흥군 고흥읍 신계학림길 39'),
(280, ST_GeomFromText('POINT(127.2962815 35.28043576)', 4326), NOW(), NOW(),  '전라남도 곡성군 곡성읍 학교로 87'),
(281, ST_GeomFromText('POINT(127.5782601 34.9754338)', 4326), NOW(), NOW(),  '전라남도 광양시 광양읍 남등1길 72-4'),
(282, ST_GeomFromText('POINT(127.4668741 35.2166161)', 4326), NOW(), NOW(),  '전라남도 구례군 구례읍 서시천로 106'),
(283, ST_GeomFromText('POINT(126.7286244 34.98798165)', 4326), NOW(), NOW(),  '전라남도 나주시 봉황로 49'),
(284, ST_GeomFromText('POINT(126.9766124 35.31476994)', 4326), NOW(), NOW(),  '전라남도 담양군 담양읍 천변5길 63'),
(285, ST_GeomFromText('POINT(126.3849638 34.78445995)', 4326), NOW(), NOW(),  '전라남도 목포시 수강로3번길 14'),
(286, ST_GeomFromText('POINT(126.4042502 34.80554093)', 4326), NOW(), NOW(),  '전라남도 목포시 영산로 350-3'),
(287, ST_GeomFromText('POINT(126.478132 34.99186126)', 4326), NOW(), NOW(),  '전라남도 무안군 무안읍 면성1길 27'),
(288, ST_GeomFromText('POINT(127.0865911 34.77417491)', 4326), NOW(), NOW(),  '전라남도 보성군 보성읍 현충로 186'),
(289, ST_GeomFromText('POINT(127.4897497 34.96091348)', 4326), NOW(), NOW(),  '전라남도 순천시 용당둑길 121'),
(290, ST_GeomFromText('POINT(127.6554801 34.7770136)', 4326), NOW(), NOW(),  '전라남도 여수시 반월길 72'),
(291, ST_GeomFromText('POINT(126.5090179 35.26952915)', 4326), NOW(), NOW(),  '전라남도 영광군 영광읍 옥당로 50'),
(292, ST_GeomFromText('POINT(126.6969605 34.79496124)', 4326), NOW(), NOW(),  '전라남도 영암군 영암읍 영암로 1527'),
(293, ST_GeomFromText('POINT(126.7445341 34.318879)', 4326), NOW(), NOW(),  '전라남도 완도군 완도읍 개포로130번길 15'),
(294, ST_GeomFromText('POINT(126.7813166 35.30199904)', 4326), NOW(), NOW(),  '전라남도 장성군 장성읍 청운길 23'),
(295, ST_GeomFromText('POINT(126.9096495 34.68686476)', 4326), NOW(), NOW(),  '전라남도 장흥군 장흥읍 북부로 73'),
(296, ST_GeomFromText('POINT(126.512894 35.07582913)', 4326), NOW(), NOW(),  '전라남도 함평군 함평읍 남일길 238-61'),
(297, ST_GeomFromText('POINT(126.605043 34.57095368)', 4326), NOW(), NOW(),  '전라남도 해남군 해남읍 중앙1로 40'),
(298, ST_GeomFromText('POINT(126.991519 35.0677473)', 4326), NOW(), NOW(),  '전라남도 화순군 화순읍 충의로 8'),
(299, ST_GeomFromText('POINT(126.7129638 35.43762073)', 4326), NOW(), NOW(),  '전북특별자치도 고창군 고창읍 월곡14길 19'),
(300, ST_GeomFromText('POINT(126.684383 35.97302347)', 4326), NOW(), NOW(),  '전북특별자치도 군산시 설림길 25 (소룡동)'),
(301, ST_GeomFromText('POINT(127.377408 35.40341851)', 4326), NOW(), NOW(),  '전북특별자치도 남원시 양림길 72 2층'),
(302, ST_GeomFromText('POINT(127.662714 36.00671051)', 4326), NOW(), NOW(),  '전북특별자치도 무주군 무주읍 주계로 116'),
(303, ST_GeomFromText('POINT(126.7317745 35.7233599)', 4326), NOW(), NOW(),  '전북특별자치도 부안군 부안읍 오리정로 89'),
(304, ST_GeomFromText('POINT(127.1468543 35.37765073)', 4326), NOW(), NOW(),  '전북특별자치도 순창군 순창읍 장류로 407-11'),
(305, ST_GeomFromText('POINT(127.1620975 35.93733144)', 4326), NOW(), NOW(),  '전북특별자치도 완주군 봉동읍 봉동동서로 89'),
(306, ST_GeomFromText('POINT(126.9188748 35.919194)', 4326), NOW(), NOW(),  '전북특별자치도 익산시 번영로1길 20'),
(307, ST_GeomFromText('POINT(127.283295 35.61026512)', 4326), NOW(), NOW(),  '전북특별자치도 임실군 임실읍 호국로 1644'),
(308, ST_GeomFromText('POINT(127.517936 35.65392867)', 4326), NOW(), NOW(),  '전북특별자치도 장수군 장수읍 신천로 79'),
(309, ST_GeomFromText('POINT(127.127127 35.84075454)', 4326), NOW(), NOW(),  '전북특별자치도 전주시 덕진구 기린대로 451'),
(310, ST_GeomFromText('POINT(126.8606847 35.58500364)', 4326), NOW(), NOW(),  '전북특별자치도 정읍시 수성5로 41-11'),
(311, ST_GeomFromText('POINT(127.4251603 35.790572)', 4326), NOW(), NOW(),  '전북특별자치도 진안군 진안읍 관산2길 11'),
(312, ST_GeomFromText('POINT(126.4736511 33.47976965)', 4326), NOW(), NOW(),  '제주특별자치도 제주시 한라대학로 15'),
(313, ST_GeomFromText('POINT(127.2346499 36.27433977)', 4326), NOW(), NOW(),  '충청남도 계룡시 엄사면 소라실길 13 2층'),
(314, ST_GeomFromText('POINT(127.1356957 36.49366156)', 4326), NOW(), NOW(),  '충청남도 공주시 의당면 의당로 257 203호'),
(315, ST_GeomFromText('POINT(127.4815168 36.11216659)', 4326), NOW(), NOW(),  '충청남도 금산군 금산읍 사직로 173'),
(316, ST_GeomFromText('POINT(127.1019223 36.19498654)', 4326), NOW(), NOW(),  '충청남도 논산시 체육로 110'),
(317, ST_GeomFromText('POINT(127.078218 36.2003202)', 4326), NOW(), NOW(),  '충청남도 논산시 해월로87번길 18'),
(318, ST_GeomFromText('POINT(126.6247053 36.88724412)', 4326), NOW(), NOW(),  '충청남도 당진시 백암1길 61'),
(319, ST_GeomFromText('POINT(126.6020154 36.34544473)', 4326), NOW(), NOW(),  '충청남도 보령시 주공로8 대동빌딩 3층 2호'),
(320, ST_GeomFromText('POINT(126.6010488 36.34508656)', 4326), NOW(), NOW(),  '충청남도 보령시 천변북길 121 (대천동)'),
(321, ST_GeomFromText('POINT(126.8712187 36.27331322)', 4326), NOW(), NOW(),  '충청남도 부여군 규암면 흥수로 816'),
(322, ST_GeomFromText('POINT(126.4554934 36.77801054)', 4326), NOW(), NOW(),  '충청남도 서산시 안견로 252 4층'),
(323, ST_GeomFromText('POINT(126.6914297 36.07485734)', 4326), NOW(), NOW(),  '충청남도 서천군 서천읍 충절로81번길 7 1층 7호'),
(324, ST_GeomFromText('POINT(126.9984238 36.7887274)', 4326), NOW(), NOW(),  '충청남도 아산시 시민로457번길 31 2층'),
(325, ST_GeomFromText('POINT(126.8353696 36.69471087)', 4326), NOW(), NOW(),  '충청남도 예산군 예산읍 벚꽃로 155번길 10'),
(326, ST_GeomFromText('POINT(127.155963 36.809959)', 4326), NOW(), NOW(),  '충청남도 천안시 동남구 천중3길 30-1 303호'),
(327, ST_GeomFromText('POINT(126.8110711 36.45055111)', 4326), NOW(), NOW(),  '충청남도 청양군 청양읍 월촌길 33'),
(328, ST_GeomFromText('POINT(126.3018915 36.74591186)', 4326), NOW(), NOW(),  '충청남도 태안군 태안읍 후곡로 83'),
(329, ST_GeomFromText('POINT(126.6558164 36.59770889)', 4326), NOW(), NOW(),  '충청남도 홍성군 홍성읍 조양로33번길 17'),
(330, ST_GeomFromText('POINT(127.8005846 36.80574942)', 4326), NOW(), NOW(),  '충청북도 괴산군 괴산읍 남산길 59'),
(331, ST_GeomFromText('POINT(127.7915432 36.80617067)', 4326), NOW(), NOW(),  '충청북도 괴산군 괴산읍 읍내로3길 11'),
(332, ST_GeomFromText('POINT(128.3650489 36.98741705)', 4326), NOW(), NOW(),  '충청북도 단양군 단양읍 별곡3로 19'),
(333, ST_GeomFromText('POINT(128.3686533 36.98530043)', 4326), NOW(), NOW(),  '충청북도 단양군 단양읍 별곡5길5 (3층)'),
(334, ST_GeomFromText('POINT(127.7234966 36.4886825)', 4326), NOW(), NOW(),  '충청북도 보은군 보은읍 뱃들로 68-38'),
(335, ST_GeomFromText('POINT(127.7758462 36.16913213)', 4326), NOW(), NOW(),  '충청북도 영동군 영동읍 반곡동길 8'),
(336, ST_GeomFromText('POINT(127.5642376 36.30692008)', 4326), NOW(), NOW(),  '충청북도 옥천군 옥천읍 삼양로26'),
(337, ST_GeomFromText('POINT(127.6042954 36.99372848)', 4326), NOW(), NOW(),  '충청북도 음성군 금왕읍 무극로370 락카6'),
(338, ST_GeomFromText('POINT(128.242342 37.171529)', 4326), NOW(), NOW(),  '충청북도 제천시 내토로 73길 22'),
(339, ST_GeomFromText('POINT(127.5848022 36.78404788)', 4326), NOW(), NOW(),  '충청북도 증평군 증평읍 광장로 118'),
(340, ST_GeomFromText('POINT(127.439492 36.8610976)', 4326), NOW(), NOW(),  '충청북도 진천군 진천읍 중앙북1길 11-10'),
(341, ST_GeomFromText('POINT(127.4723448 36.63785612)', 4326), NOW(), NOW(),  '충청북도 청주시 서원구 사직대로 229'),
(342, ST_GeomFromText('POINT(127.9180329 37.00169614)', 4326), NOW(), NOW(),  '충청북도 충주시 목행산단2로 18'),
(343, ST_GeomFromText('POINT(129.3488354 35.56199587)', 4326), NOW(), NOW(),  '울산광역시 중구 염포로 55 (남외동)')
ON CONFLICT (id) DO NOTHING;



-- 장애인 콜택시 road_report_call_taxi에 저장

INSERT INTO road_report_call_taxi (id, call_taxi_name, call_taxi_contact, home_page, can_online_reserve, road_id) VALUES
(1, '강릉시교통약자이동지원센터', '1577-2014', 'https://call.gwd.go.kr/guide/web', TRUE, 187),
(2, '강릉시교통약자이동지원센터', '1577-2014', 'https://call.gwd.go.kr/guide/web', TRUE, 188),
(3, '고성군교통약자이동지원센터', '1577-2014', 'https://call.gwd.go.kr/guide/web', TRUE, 189),
(4, '강원도지체장애인협회 고성군지회', '1577-2014', 'https://call.gwd.go.kr/guide/web', TRUE, 190),
(5, '동해시교통약자이동지원센터', '1577-2014', 'https://call.gwd.go.kr/guide/web', TRUE, 191),
(6, '속초시 교통약자이동지원센터', '1577-2014', 'https://call.gwd.go.kr/guide/web', TRUE, 192),
(7, '양구군 장애인생활이동지원센터', '1577-2014', 'https://call.gwd.go.kr/guide/web', TRUE, 193),
(8, '(사)한국시각장애인연합회 양양군지회', '1577-2014', 'https://call.gwd.go.kr/guide/web', TRUE, 194),
(9, '사단법인 한국시각장애인연합회 영월지회', '1577-2014', 'https://call.gwd.go.kr/guide/web', TRUE, 195),
(10, '정선군 교통약자이동지원센터', '1577-2014', 'https://call.gwd.go.kr/guide/web', TRUE, 196),
(11, '사)강원도시각장애인연합회 철원군지회', '1577-2014', 'https://call.gwd.go.kr/guide/web', TRUE, 197),
(12, '봄내콜이동지원센터', '1544-2014', 'https://www.cuc.or.kr/mobilityCenter.do', TRUE, 198),
(13, '강원도 교통약자 광역이동지원센터', '1577-2014', 'https://call.gwd.go.kr/guide/web', TRUE, 199),
(14, '(사)강원도지체장애인협회 평창군지회', '1577-2014', 'https://call.gwd.go.kr/guide/web', TRUE, 200),
(15, '홍천군 교통약자이동지원센터', '1577-2014', 'https://call.gwd.go.kr/guide/web', TRUE, 201),
(16, '가평군 교통약자이동지원센터', '1666-0420', 'https://www.gpfmc.or.kr/sub2/sub2_4-3.php', TRUE, 202),
(17, '고양시 교통약자이동지원센터', '1666-0420', 'https://ggsts.gg.go.kr/front/index.do', TRUE, 203),
(18, '과천시교통약자이동지원센터', '1666-0420', 'https://ggsts.gg.go.kr/front/index.do', TRUE, 204),
(19, '광명시 교통약자이동지원센터', '1666-0420', 'https://ggsts.gg.go.kr/front/index.do', TRUE, 205),
(20, '광주 희망콜', '1666-6636', 'https://www.gjcity.go.kr/depart/contents.do?mId=0413010000', TRUE, 206),
(21, '구리시 교통약자 이동지원센터', '1666-0420', 'https://ggsts.gg.go.kr/front/index.do', TRUE, 207),
(22, '군포시 교통약자 이동지원센터', '1666-0420', 'https://bokjicall.gunpouc.or.kr/', TRUE, 208),
(23, '김포시 교통약자 이동지원센터', '1666-0420', 'https://ggsts.gg.go.kr/front/index.do', TRUE, 209),
(24, '남양주시교통약자이동지원센터', '1666-0420', 'https://dreamcall.nyj.go.kr/', TRUE, 210),
(25, '동두천시 특별교통수단 이동지원센터', '1666-0420', 'https://www.ddc.go.kr/ddc/contents.do?key=247', TRUE, 211),
(26, '부천시교통약자이동지원센터', '1666-0420', 'https://www.best.or.kr/fmcs/25', TRUE, 212),
(27, '성남시내버스(주) 택시사업부', '1666-0420', 'https://ggsts.gg.go.kr/front/index.do', TRUE, 213),
(28, '수원시 교통약자이동지원센터', '031-253-5525', 'https://www.suwonudc.co.kr/swcall/mainPage.do', FALSE, 214),
(29, '경기도 시흥시 교통약자이동지원센터', '1522-3650', 'https://shsi.or.kr/PageLink.do?tempParam1=&link=forward:/PageContent.do&menuNo=020000&subMenuNo=020400&thirdMenuNo=020401', TRUE, 215),
(30, '안산시 교통약자이동지원센터', '1666-0420', 'https://www.ansanuc.net/homenew/12419/40404/contents.do', TRUE, 216),
(31, '착한수레', '1666-0420', 'https://www.auc.or.kr/aycall/contents/view?contentsNo=149&menuLevel=2&menuNo=151', TRUE, 217),
(32, '양주시 교통약자이동지원센터', '031-861-9977', 'https://traffic.yjuc.or.kr/', TRUE, 218),
(33, '양평군 교통약자이동지원센터', '1899-8268', 'http://ypcall.or.kr', TRUE, 219),
(34, '여주시 교통약자이동지원센터', '1666-0420', 'https://www.yeojuuc.or.kr/sub1/happycenter/call.do', TRUE, 220),
(35, '연천군 교통약자이동지원센터', '031-835-1155', 'https://yccs.or.kr/pub/movesupport_guide.do', TRUE, 221),
(36, '오산시 교통약자이동지원센터', '031-378-7816', 'https://www.osansisul.or.kr/cms/content/view/222', TRUE, 222),
(37, '용인시 교통약자 이동지원센터', '1666-0420', 'https://ggsts.gg.go.kr/front/info/useInfo.do', TRUE, 223),
(38, '의왕시 교통약자이동지원센터', '1666-0420', 'https://www.uuc.or.kr/base/contents/view?contentsNo=26&menuLevel=3&menuNo=45#cnt5', TRUE, 224),
(39, '의정부시 이동지원센터', '031-826-2515', 'https://www.siseol.or.kr/happycall', FALSE, 225),
(40, '이천시 교통약자이동지원센터', '1899-0017', 'https://www.2000happydream.or.kr', FALSE, 226),
(41, '파주시 교통약자이동지원센터', '080-699-6199', 'https://pajuutc.or.kr/ouz/fclty/traffic/guide/guide/contents.do', TRUE, 227),
(42, '평택시 교통약자이동지원센터', '031-651-4700', 'https://ggsts.gg.go.kr/front/index.do', TRUE, 228),
(43, '포천시 교통약자이동지원센터', '031-536-2000', 'https://www.pcuc.kr/open_content/facilities/happycall/useguide.jsp', TRUE, 229),
(44, '하남시 나눔콜', '1577-0197', 'https://hanamcall.or.kr/use_way.do', TRUE, 230),
(45, '화성시 교통약자이동지원센터', '080-600-0677', 'https://www.hsnarae.or.kr/', TRUE, 231),
(46, '거창군 교통약자이동지원센터', '1566-4488', 'http://www.15664488.co.kr/main', TRUE, 232),
(47, '김해시 교통약자콜택시', '1566-4488', 'http://www.15664488.co.kr/main', TRUE, 233),
(48, '남해군 교통약자이동지원센터', '1566-4488', 'http://www.15664488.co.kr/main', TRUE, 234),
(49, '대광택시㈜', '1566-4488', 'http://www.15664488.co.kr/main', TRUE, 235),
(50, '사천시 특별교통수단', '1566-4488', 'http://www.15664488.co.kr/main', TRUE, 236),
(51, '사천시 특별교통수단', '1566-4488', 'http://www.15664488.co.kr/main', TRUE, 237),
(52, '산청군 교통약자 콜택시', '1566-4488', 'http://www.15664488.co.kr/main', TRUE, 238),
(53, '양산시 교통약자이동지원센터', '1566-4488', 'http://www.15664488.co.kr/main', TRUE, 239),
(54, '(사)지체장애인협회 의령군지회', '1566-4488', 'http://www.15664488.co.kr/main', TRUE, 240),
(55, '진주시 교통약자 특별교통수단(일진교통)', '1566-4488', 'http://www.15664488.co.kr/main', TRUE, 241),
(56, '진주시 교통약자 특별교통수단(동진택시)', '1566-4488', 'http://www.15664488.co.kr/main', TRUE, 242),
(57, '창원시설공단 교통편의관리소', '1566-4488', 'http://www.15664488.co.kr/main', TRUE, 243),
(58, '경상남도 광역이동지원센터', '1566-4488', 'http://www.15664488.co.kr/main', TRUE, 244),
(59, '교통약자 특별교통수단', '1566-4488', 'http://www.15664488.co.kr/main', TRUE, 245),
(60, '하동군교통약자지원센터', '1566-4488', 'http://www.15664488.co.kr/main', TRUE, 246),
(61, '함안군교통약자콜택시<br></br>(경남지체장애인연합회 함안군지회)', '1566-4488', 'http://www.15664488.co.kr/main', TRUE, 247),
(62, '경남 지체장애인협회 합천군지회', '055-931-0005', 'http://www.15664488.co.kr/main/11', TRUE, 248),
(63, '경북 광역이동지원센터', '1899-7770', 'http://www.brmcall.co.kr/main.do', TRUE, 249),
(64, '경주시 교통약자이동지원센터', '054-777-2811', 'http://jangtour.org/board_intro/intro_C3.asp', FALSE, 250),
(65, '고령군 교통약자이동지원센터', '1899-7770', 'http://brmcall.co.kr/g_detail01?ar_code=2', TRUE, 251),
(66, '경북 광역이동지원센터', '1899-7770', 'http://brmcall.co.kr/g_detail01?ar_code=3', TRUE, 252),
(67, '김천시 교통약자이동지원센터', '1899-7770', 'http://www.brmcall.co.kr/main.do', TRUE, 253),
(68, '경북 교통약자 이동지원 센터 [행복콜]', '054-556-7755', 'https://www.mgkappd.or.kr/34', FALSE, 254),
(69, '경북지체장애인협회 봉화군지회', '1899-7770', 'http://brmcall.co.kr/g_detail01?ar_code=19', TRUE, 255),
(70, '경상북도 특별교통수단 상주시 부름콜센터', '1899-7770', 'http://brmcall.co.kr/g_detail01?ar_code=6', TRUE, 256),
(71, '안동시 시설관리공단 교통약자이동지원센터', '1899-7770', 'http://brmcall.co.kr/g_detail01?ar_code=7', TRUE, 257),
(72, '한국교통장애인협회 영덕군지회', '054-734-3006', 'http://brmcall.co.kr/g_detail01?ar_code=8', TRUE, 258),
(73, '영양군 교통약자이동지원센터', '1899-7770', 'http://brmcall.co.kr/g_detail01?ar_code=9', TRUE, 259),
(74, '한국교통장애인협회 영주시지회', '054-638-0112', 'http://www.brmcall.co.kr/g_detail01?ar_code=10', TRUE, 260),
(75, '영천시 교통약자이동지원센터', '1899-7770', 'http://www.brmcall.co.kr/g_detail01?ar_code=11', TRUE, 261),
(76, '예천군 장애인이동지원센터', '054-652-7179', 'http://www.brmcall.co.kr/g_detail01?ar_code=12', TRUE, 262),
(77, '울릉택시협동조합', '054-791-2315', '', FALSE, 263),
(78, '(사)한국교통장애인협회 울진군지회', '054-782-5775', '', FALSE, 264),
(79, '의성군교통약자이동지원센터', '054-833-2979', 'http://cafe.daum.net/1447--', FALSE, 265),
(80, '한국교통장애인협회 청도군지회', '1899-7770', 'http://www.brmcall.co.kr/g_detail01?ar_code=14', TRUE, 266),
(81, '청송군 교통약자 이동지원센터', '1899-7770', 'http://www.brmcall.co.kr/g_detail01?ar_code=15', TRUE, 267),
(82, '칠곡군 교통약자 이동지원센터', '1899-7770', 'http://www.cggyotong.or.kr/cggyotong/bbs/page.php?hid=sub06', FALSE, 268),
(83, '포항시 교통약자이동지원센터', '1800-9300', 'https://phhpcall.phsisul.org/', TRUE, 269),
(84, '광주광역시 교통약자이동지원센터', '1668-2222', 'http://gjtsc.com/', TRUE, 270),
(85, '대구시달서구 장애인이동지원센터', '1577-6776', 'https://nadrihome.dpfc.or.kr/', TRUE, 271),
(86, '대전교통약자이동지원센터', '042-612-1010', 'https://www.djcall.or.kr/', TRUE, 272),
(87, '부산광역시 이동지원센터', '1555-1114', 'http://www.duribal.co.kr/', FALSE, 273),
(88, '강남세움복지관', '02-2184-8700', 'https://www.gangnam.go.kr/office/gnsewoom/contents/gnsewoom_shuttle/1/view.do?mid=gnsewoom_shuttle', FALSE, 274),
(89, '서울시각장애인 이동지원센터', '1600-4477', 'https://kbucall.org/main.do', TRUE, 275),
(90, '세종누리콜', '1899-9042', 'https://nuricall.sctc.kr/use_app.php', TRUE, 276),
(91, '인천 교통약자 이동지원센터', '1577-0320', 'https://www.intis.or.kr/', TRUE, 277),
(92, '강진군 (사)전남장애인총연합회', '1899-1110', 'https://www.doumcall.kr/', TRUE, 278),
(93, '고흥군 교통약자이동지원센터', '1899-1110', 'https://www.doumcall.kr/', TRUE, 279),
(94, '곡성군 지체장애인협회', '1899-1110', 'https://www.doumcall.kr/', TRUE, 280),
(95, '광양시 교통약자이동지원센터', '1899-1100', 'https://www.doumcall.kr/', TRUE, 281),
(96, '구례군 교통약자 이동지원센터', '1899-1100', 'https://www.doumcall.kr/', TRUE, 282),
(97, '나주시교통약자이동지원센터', '1899-1110', 'https://www.doumcall.kr/', TRUE, 283),
(98, '전남 지체장애인협회 담양군지회', '1899-1110', 'https://www.doumcall.kr/', TRUE, 284),
(99, '신안군 교통약자이동지원센터', '1899-1110', 'https://www.doumcall.kr/', TRUE, 285),
(100, '목포시 교통약자이동지원센터', '1899-1110', 'http://kappdmokpo.or.kr/bbs/content.php?co_id=car_menu1', TRUE, 286),
(101, '무안군 교통약지이동지원센터', '1899-1110', 'https://www.doumcall.kr/', TRUE, 287),
(102, '전남지체장애인협회 보성군지회', '1899-1110', 'https://www.doumcall.kr/', TRUE, 288),
(103, '순천시 교통약자이동지원센터', '1899-1110', 'https://www.doumcall.kr/', TRUE, 289),
(104, '여수시 교통약자이동지원센터', '1899-1110', 'https://www.doumcall.kr/', TRUE, 290),
(105, '영광군 특별교통수단', '1899-1110', 'https://www.doumcall.kr/', TRUE, 291),
(106, '영암군 전남지체장애인협회', '1899-1110', 'https://www.doumcall.kr/', TRUE, 292),
(107, '완도군 개인택시 지부(위탁)', '1899-1110', 'https://www.doumcall.kr/', TRUE, 293),
(108, '장성군 이동편의증진센터', '1899-1110', 'https://www.doumcall.kr/', TRUE, 294),
(109, '장흥군 교통약자이동지원센터', '1899-1110', 'https://www.doumcall.kr/', TRUE, 295),
(110, '사)한국지체장애인협회 함평군지회', '1899-1110', 'https://www.doumcall.kr/', TRUE, 296),
(111, '해남군 교통약자이동지원센터', '1899-1110', 'https://www.doumcall.kr/', TRUE, 297),
(112, '전남지체장애인협회 화순군지회', '1899-1110', 'https://www.doumcall.kr/', TRUE, 298),
(113, '고창군 교통약자이동지원센터', '063-227-0002', 'https://www.0632270002.com/guide/caruse', TRUE, 299),
(114, '군산시 교통약자 이동지원센터', '063-227-0002', 'https://www.0632270002.com/guide/caruse', TRUE, 300),
(115, '남원시 교통약자이동지원센터', '063-227-0002', 'https://www.0632270002.com/guide/caruse', TRUE, 301),
(116, '무주군 교통약자이동지원센터', '063-227-0002', 'https://www.0632270002.com/guide/caruse', TRUE, 302),
(117, '부안군 교통약자이동지원센터', '063-227-0002', 'https://www.0632270002.com/guide/caruse', TRUE, 303),
(118, '순창군 교통약자이동지원센터', '063-227-0002', 'https://www.0632270002.com/guide/caruse', TRUE, 304),
(119, '완주군 장애인콜택시', '063-227-0002', 'https://www.0632270002.com/guide/caruse', TRUE, 305),
(120, '익산시 장애인콜택시', '063-227-0002', 'https://www.0632270002.com/guide/caruse', TRUE, 306),
(121, '임실군 교통약자이동지원센터', '063-227-0002', 'https://www.0632270002.com/guide/caruse', TRUE, 307),
(122, '장수군 이동지원센터', '063-227-0002', 'https://www.0632270002.com/guide/caruse', TRUE, 308),
(123, '전북특별자치도 광역이동지원센터', '063-227-0002', 'https://www.0632270002.com/guide/caruse', TRUE, 309),
(124, '정읍시 행복콜택시', '063-227-0002', 'https://www.0632270002.com/guide/caruse', TRUE, 310),
(125, '진안군 교통약자이동지원센터', '063-227-0002', 'https://www.0632270002.com/guide/caruse', TRUE, 311),
(126, '제주특별자치도 교통약자이동지원센터', '1899-6884', 'http://www.jejuhappycall.com/', TRUE, 312),
(127, '계룡시 교통약자이동지원센터', '1644-5588', 'https://gyeryong.go.kr/kr/html/sub05/050408.html', FALSE, 313),
(128, '공주시 교통약자이동지원센터', '1644-5588', 'https://www.gongju.go.kr/kr/sub06_09_03.do', FALSE, 314),
(129, '금산군 교통약자 이동지원센터', '1644-5588', 'http://16445588.or.kr/', TRUE, 315),
(130, '논산시 교통약자이동지원센터', '1644-5588', 'http://16445588.or.kr/', TRUE, 316),
(131, '논산시교통약자이동지원센터', '1644-5588', 'http://16445588.or.kr/', TRUE, 317),
(132, '당진시 교통약자이동지원센터', '1644-5588', 'http://16445588.or.kr/', TRUE, 318),
(133, '보령시 교통약자이동지원센터', '1644-5588', 'http://16445588.or.kr/', TRUE, 319),
(134, '보령시 도로교통과', '1644-5588', 'http://16445588.or.kr/', TRUE, 320),
(135, '부여군 교통약자이동지원센터', '1644-5588', 'http://16445588.or.kr/', TRUE, 321),
(136, '서산시 교통약자이동지원센터', '1644-5588', 'http://16445588.or.kr/', TRUE, 322),
(137, '서천군 교통약자이동지원센터', '1644-5588', 'http://16445588.or.kr/', TRUE, 323),
(138, '아산시 교통약자이동지원센터', '1644-5588', 'http://16445588.or.kr/', TRUE, 324),
(139, '예산군 교통약자이동지원센터', '1644-5588', 'http://16445588.or.kr/', TRUE, 325),
(140, '천안시 교통약자이동지원센터', '041-558-0010', 'http://www.kappdcheonan.or.kr/bbs/content.php?co_id=2001', FALSE, 326),
(141, '청양군 교통약자이동지원센터', '1644-5588', 'http://16445588.or.kr/', TRUE, 327),
(142, '태안군 교통약자 이동지원센터', '1644-5588', 'http://16445588.or.kr/', TRUE, 328),
(143, '홍성군 교통약자이동지원센터', '1644-5588', 'http://16445588.or.kr/', TRUE, 329),
(144, '괴산군 이동지원센터(모범운전자회)', '043-834-0008', 'http://chungbuk-th-back.essetel.co.kr/use_app.php', TRUE, 330),
(145, '괴산군 이동지원센터(장애인협회)', '043-832-7775', 'http://chungbuk-th-back.essetel.co.kr/use_app.php', TRUE, 331),
(146, '단양군 교통약자이동지원센터', '043-421-1005', 'http://chungbuk-th-back.essetel.co.kr/use_app.php', TRUE, 332),
(147, '단양군 장애인생활이동지원센터', '043-421-7788', 'http://chungbuk-th-back.essetel.co.kr/use_app.php', TRUE, 333),
(148, '보은군 장애인생활이동지원센터', '043-543-2705', 'http://chungbuk-th-back.essetel.co.kr/use_app.php', TRUE, 334),
(149, '영동군 생활이동지원센터', '043-743-7803', 'http://chungbuk-th-back.essetel.co.kr/use_app.php', TRUE, 335),
(150, '옥천군 교통약자이동지원센터', '043-731-1020', 'http://chungbuk-th-back.essetel.co.kr/use_app.php', TRUE, 336),
(151, '음성군 특별교통수단 이동지원센터', '043-883-2908', 'http://chungbuk-th-back.essetel.co.kr/use_app.php', TRUE, 337),
(152, '제천시 특별교통수단 이동지원센터', '043-644-5553', 'http://chungbuk-th-back.essetel.co.kr/use_app.php', TRUE, 338),
(153, '충청북도 지체장애인협회증평군지회', '043-838-8822', 'http://chungbuk-th-back.essetel.co.kr/use_app.php', TRUE, 339),
(154, '진천군 교통약자이동지원센터', '043-534-5758', 'http://chungbuk-th-back.essetel.co.kr/use_app.php', TRUE, 340),
(155, '청주시 교통약자이동지원센터', '1533-0220', 'https://www.cjsisul.or.kr/reserve/sub.do?menukey=240', TRUE, 341),
(156, '충주시 특별교통수단이동지원센터', '1533-0220', 'http://chungbuk-th-back.essetel.co.kr/use_app.php', TRUE, 342),
(157, '울산광역시 교통약자이동지원센터', '051-466-8800', 'https://www.usdws.or.kr/', TRUE, 343)
ON CONFLICT (id) DO NOTHING;
